CellLine	DrugName	GR50	GRmax	Hill_GR	GR_r2	AUC_GR
MCF10A-GM	Alpelisib	14.6463	0.57934	0.66416	0.99239	0.085282
MCF10A-GM	Dasatinib	0.23515	-0.14837	0.75277	0.99076	0.4459
MCF10A-GM	Etoposide	0.33037	0.026591	1.2593	0.99486	0.38427
MCF10A-GM	Neratinib	0.14646	0.039116	1.4801	0.99638	0.33673
MCF10A-GM	Paclitaxel	0.0023104	-0.32033	1.9596	0.99459	0.66409
MCF10A-GM	Palbociclib	3.7099	0.39456	0.99293	0.98752	0.16363
MCF10A-GM	Trametinib	0.0048229	0.1623	1.3421	0.99881	0.5592
MCF10A-GM	Vorinostat	1.2313	0.041615	1.6421	0.999	0.26888
MCF10A-H2B-mCh	Alpelisib	19.9827	0.72384	1.0813	0.9858	0.033366
MCF10A-H2B-mCh	Dasatinib	0.58836	-0.018271	0.75921	0.97109	0.31787
MCF10A-H2B-mCh	Etoposide	0.25312	-0.016835	1.3768	0.99873	0.41327
MCF10A-H2B-mCh	Neratinib	0.21175	0.039035	1.8536	0.99451	0.28971
MCF10A-H2B-mCh	Paclitaxel	0.0021137	-0.21177	1.6063	0.99519	0.6412
MCF10A-H2B-mCh	Palbociclib	0.54948	0.15139	0.98491	0.98059	0.31403
MCF10A-H2B-mCh	Trametinib	0.0077021	0.18705	1.7945	0.99442	0.48355
MCF10A-H2B-mCh	Vorinostat	0.6367	-0.062735	1.4583	0.9976	0.36417
MCF10A-HMS	Alpelisib	2.5692	0.19906	0.64792	0.98956	0.22113
MCF10A-HMS	Dasatinib	0.04647	0.0026983	0.74327	0.98689	0.57927
MCF10A-HMS	Etoposide	0.16372	0.0068672	1.4278	0.99659	0.44494
MCF10A-HMS	Neratinib	0.057429	-0.084338	1.2896	0.99408	0.44957
MCF10A-HMS	Paclitaxel	0.0026995	-0.078501	1.3129	0.9896	0.53667
MCF10A-HMS	Palbociclib	0.17893	0.11189	0.86051	0.97374	0.43236
MCF10A-HMS	Trametinib	0.0024097	0.055643	1.4625	0.9963	0.66514
MCF10A-HMS	Vorinostat	0.64752	-0.0060533	1.0454	0.9977	0.36272
MCF10A-OHSU	Alpelisib	19.968	0.64025	0.64365	0.99252	0.074895
MCF10A-OHSU	Dasatinib	0.7297	0.065687	0.64374	0.97528	0.30983
MCF10A-OHSU	Etoposide	0.31161	-0.016964	1.3374	0.99657	0.39653
MCF10A-OHSU	Neratinib	0.2035	0.039281	1.6616	0.99541	0.29986
MCF10A-OHSU	Paclitaxel	0.0025511	-0.17798	1.9905	0.99648	0.60012
MCF10A-OHSU	Palbociclib	1.3268	0.24166	0.93363	0.98317	0.23166
MCF10A-OHSU	Trametinib	0.0091468	0.24402	1.8343	0.99831	0.44899
MCF10A-OHSU	Vorinostat	1.146	0.0033364	1.4638	0.99918	0.28321