Well	DrugName	HMSLid	Conc	YoYo1	pert_type	Vehicle
H02	-	-	0	0.25	ctl_vehicle	DMSO
H05	-	-	0	0.25	ctl_vehicle	DMSO
I06	-	-	0	0.25	ctl_vehicle	DMSO
L08	-	-	0	0.25	ctl_vehicle	DMSO
C09	-	-	0	0.25	ctl_vehicle	DMSO
D09	-	-	0	0.25	ctl_vehicle	DMSO
F09	-	-	0	0.25	ctl_vehicle	DMSO
K09	-	-	0	0.25	ctl_vehicle	DMSO
H10	-	-	0	0.25	ctl_vehicle	DMSO
F16	-	-	0	0.25	ctl_vehicle	DMSO
K16	-	-	0	0.25	ctl_vehicle	DMSO
L18	-	-	0	0.25	ctl_vehicle	DMSO
M20	-	-	0	0.25	ctl_vehicle	DMSO
O20	-	-	0	0.25	ctl_vehicle	DMSO
J09	Alpelisib	HMSL10233	0.0033333	0.25	trt_cp	DMSO
L13	Alpelisib	HMSL10233	0.0033333	0.25	trt_cp	DMSO
M22	Alpelisib	HMSL10233	0.0033333	0.25	trt_cp	DMSO
N11	Alpelisib	HMSL10233	0.01	0.25	trt_cp	DMSO
G12	Alpelisib	HMSL10233	0.01	0.25	trt_cp	DMSO
J15	Alpelisib	HMSL10233	0.01	0.25	trt_cp	DMSO
E10	Alpelisib	HMSL10233	0.031667	0.25	trt_cp	DMSO
N14	Alpelisib	HMSL10233	0.031667	0.25	trt_cp	DMSO
B15	Alpelisib	HMSL10233	0.031667	0.25	trt_cp	DMSO
M19	Alpelisib	HMSL10233	0.031667	0.25	trt_cp	DMSO
L02	Alpelisib	HMSL10233	0.1	0.25	trt_cp	DMSO
D07	Alpelisib	HMSL10233	0.1	0.25	trt_cp	DMSO
D11	Alpelisib	HMSL10233	0.1	0.25	trt_cp	DMSO
M21	Alpelisib	HMSL10233	0.1	0.25	trt_cp	DMSO
M04	Alpelisib	HMSL10233	0.31623	0.25	trt_cp	DMSO
C16	Alpelisib	HMSL10233	0.31623	0.25	trt_cp	DMSO
J19	Alpelisib	HMSL10233	0.31623	0.25	trt_cp	DMSO
J20	Alpelisib	HMSL10233	0.31623	0.25	trt_cp	DMSO
E02	Alpelisib	HMSL10233	1	0.25	trt_cp	DMSO
G08	Alpelisib	HMSL10233	1	0.25	trt_cp	DMSO
B10	Alpelisib	HMSL10233	1	0.25	trt_cp	DMSO
H12	Alpelisib	HMSL10233	1	0.25	trt_cp	DMSO
I14	Alpelisib	HMSL10233	1	0.25	trt_cp	DMSO
J07	Alpelisib	HMSL10233	3.1623	0.25	trt_cp	DMSO
J10	Alpelisib	HMSL10233	3.1623	0.25	trt_cp	DMSO
M10	Alpelisib	HMSL10233	3.1623	0.25	trt_cp	DMSO
D19	Alpelisib	HMSL10233	3.1623	0.25	trt_cp	DMSO
C21	Alpelisib	HMSL10233	3.1623	0.25	trt_cp	DMSO
N07	Alpelisib	HMSL10233	10	0.25	trt_cp	DMSO
K13	Alpelisib	HMSL10233	10	0.25	trt_cp	DMSO
N15	Alpelisib	HMSL10233	10	0.25	trt_cp	DMSO
L17	Alpelisib	HMSL10233	10	0.25	trt_cp	DMSO
G20	Alpelisib	HMSL10233	10	0.25	trt_cp	DMSO
O03	Dasatinib	HMSL10020	0.0010833	0.25	trt_cp	DMSO
H11	Dasatinib	HMSL10020	0.0010833	0.25	trt_cp	DMSO
F15	Dasatinib	HMSL10020	0.0010833	0.25	trt_cp	DMSO
N08	Dasatinib	HMSL10020	0.0033333	0.25	trt_cp	DMSO
I17	Dasatinib	HMSL10020	0.0033333	0.25	trt_cp	DMSO
E19	Dasatinib	HMSL10020	0.0033333	0.25	trt_cp	DMSO
E06	Dasatinib	HMSL10020	0.01	0.25	trt_cp	DMSO
I11	Dasatinib	HMSL10020	0.01	0.25	trt_cp	DMSO
E17	Dasatinib	HMSL10020	0.01	0.25	trt_cp	DMSO
J17	Dasatinib	HMSL10020	0.01	0.25	trt_cp	DMSO
F04	Dasatinib	HMSL10020	0.031667	0.25	trt_cp	DMSO
N04	Dasatinib	HMSL10020	0.031667	0.25	trt_cp	DMSO
H19	Dasatinib	HMSL10020	0.031667	0.25	trt_cp	DMSO
C22	Dasatinib	HMSL10020	0.031667	0.25	trt_cp	DMSO
K22	Dasatinib	HMSL10020	0.031667	0.25	trt_cp	DMSO
K06	Dasatinib	HMSL10020	0.1	0.25	trt_cp	DMSO
L07	Dasatinib	HMSL10020	0.1	0.25	trt_cp	DMSO
L09	Dasatinib	HMSL10020	0.1	0.25	trt_cp	DMSO
H20	Dasatinib	HMSL10020	0.1	0.25	trt_cp	DMSO
D23	Dasatinib	HMSL10020	0.1	0.25	trt_cp	DMSO
K11	Dasatinib	HMSL10020	0.31623	0.25	trt_cp	DMSO
D16	Dasatinib	HMSL10020	0.31623	0.25	trt_cp	DMSO
L16	Dasatinib	HMSL10020	0.31623	0.25	trt_cp	DMSO
B21	Dasatinib	HMSL10020	0.31623	0.25	trt_cp	DMSO
B23	Dasatinib	HMSL10020	0.31623	0.25	trt_cp	DMSO
B05	Dasatinib	HMSL10020	1	0.25	trt_cp	DMSO
B07	Dasatinib	HMSL10020	1	0.25	trt_cp	DMSO
F13	Dasatinib	HMSL10020	1	0.25	trt_cp	DMSO
C15	Dasatinib	HMSL10020	1	0.25	trt_cp	DMSO
E18	Dasatinib	HMSL10020	1	0.25	trt_cp	DMSO
N03	Dasatinib	HMSL10020	3.1623	0.25	trt_cp	DMSO
F05	Dasatinib	HMSL10020	3.1623	0.25	trt_cp	DMSO
O07	Dasatinib	HMSL10020	3.1623	0.25	trt_cp	DMSO
H08	Dasatinib	HMSL10020	3.1623	0.25	trt_cp	DMSO
O16	Dasatinib	HMSL10020	3.1623	0.25	trt_cp	DMSO
E03	Dasatinib	HMSL10020	10	0.25	trt_cp	DMSO
G05	Dasatinib	HMSL10020	10	0.25	trt_cp	DMSO
F06	Dasatinib	HMSL10020	10	0.25	trt_cp	DMSO
B08	Dasatinib	HMSL10020	10	0.25	trt_cp	DMSO
C08	Dasatinib	HMSL10020	10	0.25	trt_cp	DMSO
D12	Etoposide	HMSL10250	0.0033333	0.25	trt_cp	DMSO
E12	Etoposide	HMSL10250	0.0033333	0.25	trt_cp	DMSO
E15	Etoposide	HMSL10250	0.0033333	0.25	trt_cp	DMSO
O05	Etoposide	HMSL10250	0.01	0.25	trt_cp	DMSO
E09	Etoposide	HMSL10250	0.01	0.25	trt_cp	DMSO
L11	Etoposide	HMSL10250	0.01	0.25	trt_cp	DMSO
M07	Etoposide	HMSL10250	0.031667	0.25	trt_cp	DMSO
J08	Etoposide	HMSL10250	0.031667	0.25	trt_cp	DMSO
L14	Etoposide	HMSL10250	0.031667	0.25	trt_cp	DMSO
H16	Etoposide	HMSL10250	0.031667	0.25	trt_cp	DMSO
J16	Etoposide	HMSL10250	0.031667	0.25	trt_cp	DMSO
H04	Etoposide	HMSL10250	0.1	0.25	trt_cp	DMSO
E05	Etoposide	HMSL10250	0.1	0.25	trt_cp	DMSO
F14	Etoposide	HMSL10250	0.1	0.25	trt_cp	DMSO
B20	Etoposide	HMSL10250	0.1	0.25	trt_cp	DMSO
O21	Etoposide	HMSL10250	0.1	0.25	trt_cp	DMSO
J02	Etoposide	HMSL10250	0.31623	0.25	trt_cp	DMSO
O11	Etoposide	HMSL10250	0.31623	0.25	trt_cp	DMSO
I13	Etoposide	HMSL10250	0.31623	0.25	trt_cp	DMSO
C14	Etoposide	HMSL10250	0.31623	0.25	trt_cp	DMSO
J21	Etoposide	HMSL10250	0.31623	0.25	trt_cp	DMSO
G03	Etoposide	HMSL10250	1	0.25	trt_cp	DMSO
L03	Etoposide	HMSL10250	1	0.25	trt_cp	DMSO
D04	Etoposide	HMSL10250	1	0.25	trt_cp	DMSO
M06	Etoposide	HMSL10250	1	0.25	trt_cp	DMSO
B16	Etoposide	HMSL10250	1	0.25	trt_cp	DMSO
M05	Etoposide	HMSL10250	3.1623	0.25	trt_cp	DMSO
J06	Etoposide	HMSL10250	3.1623	0.25	trt_cp	DMSO
O09	Etoposide	HMSL10250	3.1623	0.25	trt_cp	DMSO
E13	Etoposide	HMSL10250	3.1623	0.25	trt_cp	DMSO
B14	Etoposide	HMSL10250	3.1623	0.25	trt_cp	DMSO
J04	Etoposide	HMSL10250	10	0.25	trt_cp	DMSO
N10	Etoposide	HMSL10250	10	0.25	trt_cp	DMSO
M15	Etoposide	HMSL10250	10	0.25	trt_cp	DMSO
F18	Etoposide	HMSL10250	10	0.25	trt_cp	DMSO
F20	Etoposide	HMSL10250	10	0.25	trt_cp	DMSO
F02	Neratinib	HMSL10018	0.00043333	0.25	trt_cp	DMSO
D15	Neratinib	HMSL10018	0.00043333	0.25	trt_cp	DMSO
I21	Neratinib	HMSL10018	0.00043333	0.25	trt_cp	DMSO
I04	Neratinib	HMSL10018	0.0013333	0.25	trt_cp	DMSO
D17	Neratinib	HMSL10018	0.0013333	0.25	trt_cp	DMSO
D22	Neratinib	HMSL10018	0.0013333	0.25	trt_cp	DMSO
G06	Neratinib	HMSL10018	0.0033333	0.25	trt_cp	DMSO
H17	Neratinib	HMSL10018	0.0033333	0.25	trt_cp	DMSO
F19	Neratinib	HMSL10018	0.0033333	0.25	trt_cp	DMSO
I20	Neratinib	HMSL10018	0.0033333	0.25	trt_cp	DMSO
C03	Neratinib	HMSL10018	0.01	0.25	trt_cp	DMSO
O06	Neratinib	HMSL10018	0.01	0.25	trt_cp	DMSO
C10	Neratinib	HMSL10018	0.01	0.25	trt_cp	DMSO
O15	Neratinib	HMSL10018	0.01	0.25	trt_cp	DMSO
H18	Neratinib	HMSL10018	0.01	0.25	trt_cp	DMSO
D02	Neratinib	HMSL10018	0.031623	0.25	trt_cp	DMSO
G02	Neratinib	HMSL10018	0.031623	0.25	trt_cp	DMSO
K02	Neratinib	HMSL10018	0.031623	0.25	trt_cp	DMSO
B11	Neratinib	HMSL10018	0.031623	0.25	trt_cp	DMSO
N17	Neratinib	HMSL10018	0.031623	0.25	trt_cp	DMSO
J05	Neratinib	HMSL10018	0.1	0.25	trt_cp	DMSO
E08	Neratinib	HMSL10018	0.1	0.25	trt_cp	DMSO
B12	Neratinib	HMSL10018	0.1	0.25	trt_cp	DMSO
I16	Neratinib	HMSL10018	0.1	0.25	trt_cp	DMSO
F22	Neratinib	HMSL10018	0.1	0.25	trt_cp	DMSO
B06	Neratinib	HMSL10018	0.31623	0.25	trt_cp	DMSO
M11	Neratinib	HMSL10018	0.31623	0.25	trt_cp	DMSO
J12	Neratinib	HMSL10018	0.31623	0.25	trt_cp	DMSO
K12	Neratinib	HMSL10018	0.31623	0.25	trt_cp	DMSO
G16	Neratinib	HMSL10018	0.31623	0.25	trt_cp	DMSO
K04	Neratinib	HMSL10018	1	0.25	trt_cp	DMSO
L12	Neratinib	HMSL10018	1	0.25	trt_cp	DMSO
E14	Neratinib	HMSL10018	1	0.25	trt_cp	DMSO
J14	Neratinib	HMSL10018	1	0.25	trt_cp	DMSO
J18	Neratinib	HMSL10018	1	0.25	trt_cp	DMSO
G09	Neratinib	HMSL10018	3.1623	0.25	trt_cp	DMSO
D13	Neratinib	HMSL10018	3.1623	0.25	trt_cp	DMSO
N13	Neratinib	HMSL10018	3.1623	0.25	trt_cp	DMSO
N19	Neratinib	HMSL10018	3.1623	0.25	trt_cp	DMSO
O19	Neratinib	HMSL10018	3.1623	0.25	trt_cp	DMSO
E11	Paclitaxel	HMSL10102	4.3333e-05	0.25	trt_cp	DMSO
G19	Paclitaxel	HMSL10102	4.3333e-05	0.25	trt_cp	DMSO
L21	Paclitaxel	HMSL10102	4.3333e-05	0.25	trt_cp	DMSO
I12	Paclitaxel	HMSL10102	0.00013333	0.25	trt_cp	DMSO
O18	Paclitaxel	HMSL10102	0.00013333	0.25	trt_cp	DMSO
K23	Paclitaxel	HMSL10102	0.00013333	0.25	trt_cp	DMSO
K03	Paclitaxel	HMSL10102	0.00033333	0.25	trt_cp	DMSO
L05	Paclitaxel	HMSL10102	0.00033333	0.25	trt_cp	DMSO
L15	Paclitaxel	HMSL10102	0.00033333	0.25	trt_cp	DMSO
K17	Paclitaxel	HMSL10102	0.00033333	0.25	trt_cp	DMSO
E23	Paclitaxel	HMSL10102	0.00033333	0.25	trt_cp	DMSO
H06	Paclitaxel	HMSL10102	0.001	0.25	trt_cp	DMSO
M13	Paclitaxel	HMSL10102	0.001	0.25	trt_cp	DMSO
D14	Paclitaxel	HMSL10102	0.001	0.25	trt_cp	DMSO
G18	Paclitaxel	HMSL10102	0.001	0.25	trt_cp	DMSO
C23	Paclitaxel	HMSL10102	0.001	0.25	trt_cp	DMSO
J11	Paclitaxel	HMSL10102	0.0031623	0.25	trt_cp	DMSO
I15	Paclitaxel	HMSL10102	0.0031623	0.25	trt_cp	DMSO
O17	Paclitaxel	HMSL10102	0.0031623	0.25	trt_cp	DMSO
H21	Paclitaxel	HMSL10102	0.0031623	0.25	trt_cp	DMSO
G22	Paclitaxel	HMSL10102	0.0031623	0.25	trt_cp	DMSO
E04	Paclitaxel	HMSL10102	0.01	0.25	trt_cp	DMSO
M09	Paclitaxel	HMSL10102	0.01	0.25	trt_cp	DMSO
N20	Paclitaxel	HMSL10102	0.01	0.25	trt_cp	DMSO
F23	Paclitaxel	HMSL10102	0.01	0.25	trt_cp	DMSO
L23	Paclitaxel	HMSL10102	0.01	0.25	trt_cp	DMSO
C06	Paclitaxel	HMSL10102	0.031623	0.25	trt_cp	DMSO
N09	Paclitaxel	HMSL10102	0.031623	0.25	trt_cp	DMSO
K15	Paclitaxel	HMSL10102	0.031623	0.25	trt_cp	DMSO
E20	Paclitaxel	HMSL10102	0.031623	0.25	trt_cp	DMSO
B22	Paclitaxel	HMSL10102	0.031623	0.25	trt_cp	DMSO
B02	Paclitaxel	HMSL10102	0.1	0.25	trt_cp	DMSO
B19	Paclitaxel	HMSL10102	0.1	0.25	trt_cp	DMSO
K20	Paclitaxel	HMSL10102	0.1	0.25	trt_cp	DMSO
L20	Paclitaxel	HMSL10102	0.1	0.25	trt_cp	DMSO
D21	Paclitaxel	HMSL10102	0.1	0.25	trt_cp	DMSO
M03	Paclitaxel	HMSL10102	0.31623	0.25	trt_cp	DMSO
L06	Paclitaxel	HMSL10102	0.31623	0.25	trt_cp	DMSO
C12	Paclitaxel	HMSL10102	0.31623	0.25	trt_cp	DMSO
I22	Paclitaxel	HMSL10102	0.31623	0.25	trt_cp	DMSO
N06	Palbociclib	HMSL10071	0.0010833	0.25	trt_cp	DMSO
K18	Palbociclib	HMSL10071	0.0010833	0.25	trt_cp	DMSO
K19	Palbociclib	HMSL10071	0.0010833	0.25	trt_cp	DMSO
F11	Palbociclib	HMSL10071	0.0033333	0.25	trt_cp	DMSO
M16	Palbociclib	HMSL10071	0.0033333	0.25	trt_cp	DMSO
I23	Palbociclib	HMSL10071	0.0033333	0.25	trt_cp	DMSO
C05	Palbociclib	HMSL10071	0.01	0.25	trt_cp	DMSO
K10	Palbociclib	HMSL10071	0.01	0.25	trt_cp	DMSO
O10	Palbociclib	HMSL10071	0.01	0.25	trt_cp	DMSO
C17	Palbociclib	HMSL10071	0.01	0.25	trt_cp	DMSO
C07	Palbociclib	HMSL10071	0.031667	0.25	trt_cp	DMSO
I07	Palbociclib	HMSL10071	0.031667	0.25	trt_cp	DMSO
B13	Palbociclib	HMSL10071	0.031667	0.25	trt_cp	DMSO
B18	Palbociclib	HMSL10071	0.031667	0.25	trt_cp	DMSO
B04	Palbociclib	HMSL10071	0.1	0.25	trt_cp	DMSO
M12	Palbociclib	HMSL10071	0.1	0.25	trt_cp	DMSO
I19	Palbociclib	HMSL10071	0.1	0.25	trt_cp	DMSO
D20	Palbociclib	HMSL10071	0.1	0.25	trt_cp	DMSO
F21	Palbociclib	HMSL10071	0.1	0.25	trt_cp	DMSO
O02	Palbociclib	HMSL10071	0.31623	0.25	trt_cp	DMSO
K05	Palbociclib	HMSL10071	0.31623	0.25	trt_cp	DMSO
I08	Palbociclib	HMSL10071	0.31623	0.25	trt_cp	DMSO
O14	Palbociclib	HMSL10071	0.31623	0.25	trt_cp	DMSO
B17	Palbociclib	HMSL10071	0.31623	0.25	trt_cp	DMSO
B03	Palbociclib	HMSL10071	1	0.25	trt_cp	DMSO
J03	Palbociclib	HMSL10071	1	0.25	trt_cp	DMSO
M18	Palbociclib	HMSL10071	1	0.25	trt_cp	DMSO
N18	Palbociclib	HMSL10071	1	0.25	trt_cp	DMSO
L22	Palbociclib	HMSL10071	1	0.25	trt_cp	DMSO
D03	Palbociclib	HMSL10071	3.1623	0.25	trt_cp	DMSO
D05	Palbociclib	HMSL10071	3.1623	0.25	trt_cp	DMSO
C13	Palbociclib	HMSL10071	3.1623	0.25	trt_cp	DMSO
H15	Palbociclib	HMSL10071	3.1623	0.25	trt_cp	DMSO
G17	Palbociclib	HMSL10071	3.1623	0.25	trt_cp	DMSO
G14	Palbociclib	HMSL10071	10	0.25	trt_cp	DMSO
E16	Palbociclib	HMSL10071	10	0.25	trt_cp	DMSO
D18	Palbociclib	HMSL10071	10	0.25	trt_cp	DMSO
C19	Palbociclib	HMSL10071	10	0.25	trt_cp	DMSO
E21	Palbociclib	HMSL10071	10	0.25	trt_cp	DMSO
N21	Trametinib	HMSL10142	0.00021667	0.25	trt_cp	DMSO
E22	Trametinib	HMSL10142	0.00021667	0.25	trt_cp	DMSO
O23	Trametinib	HMSL10142	0.00021667	0.25	trt_cp	DMSO
N02	Trametinib	HMSL10142	0.00033333	0.25	trt_cp	DMSO
L04	Trametinib	HMSL10142	0.00033333	0.25	trt_cp	DMSO
K14	Trametinib	HMSL10142	0.00033333	0.25	trt_cp	DMSO
O22	Trametinib	HMSL10142	0.00033333	0.25	trt_cp	DMSO
K07	Trametinib	HMSL10142	0.001	0.25	trt_cp	DMSO
C11	Trametinib	HMSL10142	0.001	0.25	trt_cp	DMSO
F12	Trametinib	HMSL10142	0.001	0.25	trt_cp	DMSO
N12	Trametinib	HMSL10142	0.001	0.25	trt_cp	DMSO
G13	Trametinib	HMSL10142	0.001	0.25	trt_cp	DMSO
F03	Trametinib	HMSL10142	0.003	0.25	trt_cp	DMSO
I05	Trametinib	HMSL10142	0.003	0.25	trt_cp	DMSO
G10	Trametinib	HMSL10142	0.003	0.25	trt_cp	DMSO
N22	Trametinib	HMSL10142	0.003	0.25	trt_cp	DMSO
M23	Trametinib	HMSL10142	0.003	0.25	trt_cp	DMSO
C04	Trametinib	HMSL10142	0.01	0.25	trt_cp	DMSO
F07	Trametinib	HMSL10142	0.01	0.25	trt_cp	DMSO
D08	Trametinib	HMSL10142	0.01	0.25	trt_cp	DMSO
F10	Trametinib	HMSL10142	0.01	0.25	trt_cp	DMSO
J22	Trametinib	HMSL10142	0.01	0.25	trt_cp	DMSO
I09	Trametinib	HMSL10142	0.031623	0.25	trt_cp	DMSO
I10	Trametinib	HMSL10142	0.031623	0.25	trt_cp	DMSO
O13	Trametinib	HMSL10142	0.031623	0.25	trt_cp	DMSO
M17	Trametinib	HMSL10142	0.031623	0.25	trt_cp	DMSO
C18	Trametinib	HMSL10142	0.031623	0.25	trt_cp	DMSO
C02	Trametinib	HMSL10142	0.1	0.25	trt_cp	DMSO
E07	Trametinib	HMSL10142	0.1	0.25	trt_cp	DMSO
M14	Trametinib	HMSL10142	0.1	0.25	trt_cp	DMSO
G15	Trametinib	HMSL10142	0.1	0.25	trt_cp	DMSO
N23	Trametinib	HMSL10142	0.1	0.25	trt_cp	DMSO
O04	Trametinib	HMSL10142	0.31623	0.25	trt_cp	DMSO
G07	Trametinib	HMSL10142	0.31623	0.25	trt_cp	DMSO
H07	Trametinib	HMSL10142	0.31623	0.25	trt_cp	DMSO
D10	Trametinib	HMSL10142	0.31623	0.25	trt_cp	DMSO
I02	Vorinostat	HMSL10282	0.01	0.25	trt_cp	DMSO
H03	Vorinostat	HMSL10282	0.01	0.25	trt_cp	DMSO
N05	Vorinostat	HMSL10282	0.01	0.25	trt_cp	DMSO
M02	Vorinostat	HMSL10282	0.031667	0.25	trt_cp	DMSO
J13	Vorinostat	HMSL10282	0.031667	0.25	trt_cp	DMSO
H23	Vorinostat	HMSL10282	0.031667	0.25	trt_cp	DMSO
F08	Vorinostat	HMSL10282	0.1	0.25	trt_cp	DMSO
O08	Vorinostat	HMSL10282	0.1	0.25	trt_cp	DMSO
G11	Vorinostat	HMSL10282	0.1	0.25	trt_cp	DMSO
O12	Vorinostat	HMSL10282	0.1	0.25	trt_cp	DMSO
D06	Vorinostat	HMSL10282	0.31623	0.25	trt_cp	DMSO
M08	Vorinostat	HMSL10282	0.31623	0.25	trt_cp	DMSO
L10	Vorinostat	HMSL10282	0.31623	0.25	trt_cp	DMSO
F17	Vorinostat	HMSL10282	0.31623	0.25	trt_cp	DMSO
H22	Vorinostat	HMSL10282	0.31623	0.25	trt_cp	DMSO
B09	Vorinostat	HMSL10282	1	0.25	trt_cp	DMSO
H14	Vorinostat	HMSL10282	1	0.25	trt_cp	DMSO
G21	Vorinostat	HMSL10282	1	0.25	trt_cp	DMSO
K21	Vorinostat	HMSL10282	1	0.25	trt_cp	DMSO
G23	Vorinostat	HMSL10282	1	0.25	trt_cp	DMSO
G04	Vorinostat	HMSL10282	3.1623	0.25	trt_cp	DMSO
K08	Vorinostat	HMSL10282	3.1623	0.25	trt_cp	DMSO
H09	Vorinostat	HMSL10282	3.1623	0.25	trt_cp	DMSO
H13	Vorinostat	HMSL10282	3.1623	0.25	trt_cp	DMSO
J23	Vorinostat	HMSL10282	3.1623	0.25	trt_cp	DMSO
I03	Vorinostat	HMSL10282	10	0.25	trt_cp	DMSO
N16	Vorinostat	HMSL10282	10	0.25	trt_cp	DMSO
I18	Vorinostat	HMSL10282	10	0.25	trt_cp	DMSO
L19	Vorinostat	HMSL10282	10	0.25	trt_cp	DMSO
C20	Vorinostat	HMSL10282	10	0.25	trt_cp	DMSO