Gnumber,DrugName,drug_moa
G00475,CP 100356 hydrochloride,ABCB1
G00632,AGI-6780,IDH2
G00734,Alogliptin,DPP4
G00588,BDBM50169062,CDK8
G00374,Captopril,ACE
G00786,Ceralasertib,ATR
G00713,Compound 26,KRAS
G00808,FX1,BCL6
G00729,G1672,BRAF|RAF1
G00231,GDC-0326,PIK3CA
G00232,GF109203X,PRKCs (multiple)|GSK3A|GSK3B
G00826,GNE-7883,TEAD1|TEAD2|TEAD3|TEAD4
G00496,Galunisertib,TGFBR2
G00516,LY-311727,PLA2G2A
G00353,Palbociclib,CDK4|CDK6
G00815,RGFP966,HDAC3
G00246,SC-514,IKBKB
G00226,Selisistat,SIRT1
G00137,Staurosporine,kinases (multiple)
G00448,fulvestrant,ESR1
G00848,Sotorasib,KRAS
