treatment,range,MCF10A
Alpelisib 1uM,early,1.3886563725512
Alpelisib 1uM,mid,0.533171056306185
Alpelisib 1uM,late,0.308910503583905
Alpelisib 0.0317uM,early,1.55677099163667
Alpelisib 0.0317uM,mid,0.599005441972509
Alpelisib 0.0317uM,late,0.242806419892822
Alpelisib 0.3162uM,early,1.48404644922069
Alpelisib 0.3162uM,mid,0.558598605067139
Alpelisib 0.3162uM,late,0.291069563935491
Alpelisib 3.1623uM,early,1.35482636703741
Alpelisib 3.1623uM,mid,0.51350946604461
Alpelisib 3.1623uM,late,0.344700938469265
Alpelisib 0.1uM,early,1.46405426465074
Alpelisib 0.1uM,mid,0.584953891699039
Alpelisib 0.1uM,late,0.274425944885174
Alpelisib 0.01uM,early,1.56972500460992
Alpelisib 0.01uM,mid,0.576089170866257
Alpelisib 0.01uM,late,0.192249312220891
Alpelisib 10uM,early,1.23320593974113
Alpelisib 10uM,mid,0.465205503628364
Alpelisib 10uM,late,0.340767960763437
Alpelisib 0.0033uM,early,1.56840027279946
Alpelisib 0.0033uM,mid,0.585932569828839
Alpelisib 0.0033uM,late,0.195243902896888
Dasatinib 0.3162uM,early,0.951652602061557
Dasatinib 0.3162uM,mid,0.433698757167416
Dasatinib 0.3162uM,late,0.390446815893603
Dasatinib 1uM,early,0.896213956244946
Dasatinib 1uM,mid,0.28268312903992
Dasatinib 1uM,late,0.294711992326748
Dasatinib 10uM,early,0.454139421558939
Dasatinib 10uM,mid,-0.0457015503170016
Dasatinib 10uM,late,-0.0440365969066157
Dasatinib 0.0317uM,early,1.36801617488903
Dasatinib 0.0317uM,mid,0.52055945532987
Dasatinib 0.0317uM,late,0.365626884601294
Dasatinib 0.1uM,early,1.11774841948386
Dasatinib 0.1uM,mid,0.54339686364487
Dasatinib 0.1uM,late,0.393614064149777
Dasatinib 0.01uM,early,1.53537999237183
Dasatinib 0.01uM,mid,0.556276279526965
Dasatinib 0.01uM,late,0.260591477229432
Dasatinib 0.0033uM,early,1.50039916194471
Dasatinib 0.0033uM,mid,0.53968499849181
Dasatinib 0.0033uM,late,0.26970185841301
Dasatinib 0.0011uM,early,1.52032635963001
Dasatinib 0.0011uM,mid,0.561463220190678
Dasatinib 0.0011uM,late,0.237850867915358
Dasatinib 3.1623uM,early,0.622975584753037
Dasatinib 3.1623uM,mid,-0.024321363816863
Dasatinib 3.1623uM,late,-0.0192046929474615
Etoposide 3.1623uM,early,0.237038731721022
Etoposide 3.1623uM,mid,0.0855911460401587
Etoposide 3.1623uM,late,0.101973594950019
Etoposide 1uM,early,0.717083542891873
Etoposide 1uM,mid,0.129510249567768
Etoposide 1uM,late,0.0507524301220325
Etoposide 0.1uM,early,1.40325635117906
Etoposide 0.1uM,mid,0.596416705400684
Etoposide 0.1uM,late,0.320306421944498
Etoposide 0.3162uM,early,1.14487371169537
Etoposide 0.3162uM,mid,0.44726874460686
Etoposide 0.3162uM,late,0.209132998249788
Etoposide 0.0033uM,early,1.56585963331971
Etoposide 0.0033uM,mid,0.601416014482826
Etoposide 0.0033uM,late,0.168188291563182
Etoposide 0.01uM,early,1.52244420834596
Etoposide 0.01uM,mid,0.588400228552915
Etoposide 0.01uM,late,0.238385635189905
Etoposide 10uM,early,0.160307804505438
Etoposide 10uM,mid,0.00389931621331679
Etoposide 10uM,late,0.0316293954618506
Etoposide 0.0317uM,early,1.5277657869494
Etoposide 0.0317uM,mid,0.59544426747027
Etoposide 0.0317uM,late,0.18690026560986
Neratinib 0.0316uM,early,1.18926293391514
Neratinib 0.0316uM,mid,0.600401449142625
Neratinib 0.0316uM,late,0.296122049650358
Neratinib 0.1uM,early,1.01051069260492
Neratinib 0.1uM,mid,0.513691344913414
Neratinib 0.1uM,late,0.404054129302738
Neratinib 0.3162uM,early,0.878782452184559
Neratinib 0.3162uM,mid,0.0690821497137771
Neratinib 0.3162uM,late,0.195242647569602
Neratinib 0.01uM,early,1.34079072022157
Neratinib 0.01uM,mid,0.705528060763569
Neratinib 0.01uM,late,0.390100844719427
Neratinib 3.1623uM,early,0.605362723296868
Neratinib 3.1623uM,mid,0.000830760269584073
Neratinib 3.1623uM,late,-0.189781952888204
Neratinib 0.0004uM,early,1.53900360514572
Neratinib 0.0004uM,mid,0.570021280935837
Neratinib 0.0004uM,late,0.215851894510087
Neratinib 0.0013uM,early,1.5508874695495
Neratinib 0.0013uM,mid,0.589463860547533
Neratinib 0.0013uM,late,0.226801938278174
Neratinib 1uM,early,0.791652275645879
Neratinib 1uM,mid,-0.0190670274649572
Neratinib 1uM,late,-0.0471065245464933
Neratinib 0.0033uM,early,1.54993779942736
Neratinib 0.0033uM,mid,0.604735201108919
Neratinib 0.0033uM,late,0.184598568135408
Paclitaxel 0.1uM,early,0.220036853077026
Paclitaxel 0.1uM,mid,-0.255941568636787
Paclitaxel 0.1uM,late,-0.300167026225443
Paclitaxel 0.0316uM,early,0.417966240306383
Paclitaxel 0.0316uM,mid,-0.268612563547129
Paclitaxel 0.0316uM,late,-0.2508753908274
Paclitaxel 0.3162uM,early,0.216589047597693
Paclitaxel 0.3162uM,mid,-0.263048810449475
Paclitaxel 0.3162uM,late,-0.280021284068988
Paclitaxel 0.001uM,early,1.5695830048629
Paclitaxel 0.001uM,mid,0.563630562818327
Paclitaxel 0.001uM,late,0.245914293004743
Paclitaxel 0uM,early,1.56939967316018
Paclitaxel 0uM,mid,0.595842395715805
Paclitaxel 0uM,late,0.177825186206406
Paclitaxel 0.0003uM,early,1.59837700651841
Paclitaxel 0.0003uM,mid,0.596597426501669
Paclitaxel 0.0003uM,late,0.20805030269933
Paclitaxel 0.01uM,early,1.14327013661586
Paclitaxel 0.01uM,mid,-0.254330376682096
Paclitaxel 0.01uM,late,-0.24585929047037
Paclitaxel 0.0032uM,early,1.50720917076082
Paclitaxel 0.0032uM,mid,0.3110091692525
Paclitaxel 0.0032uM,late,0.24000765296861
Paclitaxel 0.0001uM,early,1.5395281607446
Paclitaxel 0.0001uM,mid,0.569915412912626
Paclitaxel 0.0001uM,late,0.196446274343414
Palbociclib 0.0317uM,early,1.34222737051108
Palbociclib 0.0317uM,mid,0.605830892477854
Palbociclib 0.0317uM,late,0.277666069705382
Palbociclib 0.3162uM,early,0.836462401108682
Palbociclib 0.3162uM,mid,0.425855197847374
Palbociclib 0.3162uM,late,0.137017690736514
Palbociclib 1uM,early,0.81122095908686
Palbociclib 1uM,mid,0.438676327624761
Palbociclib 1uM,late,0.206728671357758
Palbociclib 0.1uM,early,1.32145488752265
Palbociclib 0.1uM,mid,0.60215567641348
Palbociclib 0.1uM,late,0.263399555480189
Palbociclib 3.1623uM,early,0.716034758370053
Palbociclib 3.1623uM,mid,0.271452726047071
Palbociclib 3.1623uM,late,0.193791589859582
Palbociclib 0.01uM,early,1.48115428376113
Palbociclib 0.01uM,mid,0.632851525049579
Palbociclib 0.01uM,late,0.246152924390164
Palbociclib 10uM,early,0.709737670344595
Palbociclib 10uM,mid,0.093086194661445
Palbociclib 10uM,late,0.0766250148955388
Palbociclib 0.0033uM,early,1.44896861217753
Palbociclib 0.0033uM,mid,0.559801008394513
Palbociclib 0.0033uM,late,-0.100878175689297
Palbociclib 0.0011uM,early,1.49976424240036
Palbociclib 0.0011uM,mid,0.626552024450691
Palbociclib 0.0011uM,late,0.223340935832148
Trametinib 0.001uM,early,1.51756324620129
Trametinib 0.001uM,mid,0.515633771617234
Trametinib 0.001uM,late,0.351329019877687
Trametinib 0.0316uM,early,1.13044160536257
Trametinib 0.0316uM,mid,0.0136467529681422
Trametinib 0.0316uM,late,0.0257399626103473
Trametinib 0.1uM,early,1.12383620670886
Trametinib 0.1uM,mid,-0.03806146377706
Trametinib 0.1uM,late,-0.0500935587298542
Trametinib 0.01uM,early,1.20225031104302
Trametinib 0.01uM,mid,0.319648500435376
Trametinib 0.01uM,late,0.277056918452615
Trametinib 0.3162uM,early,1.01021830494979
Trametinib 0.3162uM,mid,0.0597870452685115
Trametinib 0.3162uM,late,-0.0480296144346026
Trametinib 0.0002uM,early,1.53417061528614
Trametinib 0.0002uM,mid,0.504321232080904
Trametinib 0.0002uM,late,0.198177997862308
Trametinib 0.003uM,early,1.38748402915854
Trametinib 0.003uM,mid,0.494443724486
Trametinib 0.003uM,late,0.381289840881975
Trametinib 0.0003uM,early,1.51710204309681
Trametinib 0.0003uM,mid,0.666075881803236
Trametinib 0.0003uM,late,0.30291822513634
DMSO,early,1.55222730569053
DMSO,mid,0.588795363760109
DMSO,late,0.177622403985531
Vorinostat 1uM,early,1.1555896782657
Vorinostat 1uM,mid,0.515572271697873
Vorinostat 1uM,late,0.190682447282129
Vorinostat 10uM,early,0.324365828583536
Vorinostat 10uM,mid,-0.0531570670834748
Vorinostat 10uM,late,-0.0323562861500255
Vorinostat 0.3162uM,early,1.43913968726423
Vorinostat 0.3162uM,mid,0.720938317282646
Vorinostat 0.3162uM,late,0.319712762240099
Vorinostat 0.1uM,early,1.52106384378223
Vorinostat 0.1uM,mid,0.676363788653005
Vorinostat 0.1uM,late,0.279649989181147
Vorinostat 3.1623uM,early,0.645945430231611
Vorinostat 3.1623uM,mid,0.00734607458690332
Vorinostat 3.1623uM,late,0.0714955263687007
Vorinostat 0.0317uM,early,1.47538661994186
Vorinostat 0.0317uM,mid,0.549412360646746
Vorinostat 0.0317uM,late,-0.0943269124375067
Vorinostat 0.01uM,early,1.45373650371397
Vorinostat 0.01uM,mid,0.566610189845345
Vorinostat 0.01uM,late,0.209922973777782
