range,CellLineName,treatment,rate,sd_rate,norm_target,rate_0,rel_rates,rel_rates_sd,plot_value,plot_sd,is_normalized
early,MCF10A,Alpelisib 0.0033uM,1.56840027279946,0.176990761212979,early,1.55222730569053,1.01041920023546,0.11402373902593,1.01041920023546,0.11402373902593,TRUE
early,MCF10A,Alpelisib 0.01uM,1.56972500460992,0.173191354494242,early,1.55222730569053,1.01127263955172,0.111576026178199,1.01127263955172,0.111576026178199,TRUE
early,MCF10A,Alpelisib 0.0317uM,1.55677099163667,0.165052736724131,early,1.55222730569053,1.00292720397939,0.106332839345784,1.00292720397939,0.106332839345784,TRUE
early,MCF10A,Alpelisib 0.1uM,1.46405426465074,0.161589431469733,early,1.55222730569053,0.943195793092583,0.104101655007188,0.943195793092583,0.104101655007188,TRUE
early,MCF10A,Alpelisib 0.3162uM,1.48404644922069,0.20142397229436,early,1.55222730569053,0.956075468960065,0.129764482016217,0.956075468960065,0.129764482016217,TRUE
early,MCF10A,Alpelisib 1uM,1.3886563725512,0.220420752154981,early,1.55222730569053,0.894621791190198,0.142002882791012,0.894621791190198,0.142002882791012,TRUE
early,MCF10A,Alpelisib 3.1623uM,1.35482636703741,0.239297298948264,early,1.55222730569053,0.872827299243196,0.154163825150473,0.872827299243196,0.154163825150473,TRUE
early,MCF10A,Alpelisib 10uM,1.23320593974113,0.258045740103234,early,1.55222730569053,0.794475097313483,0.166242237304567,0.794475097313483,0.166242237304567,TRUE
early,MCF10A,Dasatinib 0.0011uM,1.52032635963001,0.185257229841191,early,1.55222730569053,0.979448276715935,0.119349291925242,0.979448276715935,0.119349291925242,TRUE
early,MCF10A,Dasatinib 0.0033uM,1.50039916194471,0.429914690310429,early,1.55222730569053,0.966610467709326,0.276966323639807,0.966610467709326,0.276966323639807,TRUE
early,MCF10A,Dasatinib 0.01uM,1.53537999237183,0.204313236641961,early,1.55222730569053,0.98914636196842,0.131625848799941,0.98914636196842,0.131625848799941,TRUE
early,MCF10A,Dasatinib 0.0317uM,1.36801617488903,0.333617559158102,early,1.55222730569053,0.881324642256857,0.214928289133329,0.881324642256857,0.214928289133329,TRUE
early,MCF10A,Dasatinib 0.1uM,1.11774841948386,0.171188708564318,early,1.55222730569053,0.720093259141973,0.11028585049157,0.720093259141973,0.11028585049157,TRUE
early,MCF10A,Dasatinib 0.3162uM,0.951652602061557,0.150763382656345,early,1.55222730569053,0.613088430136977,0.0971271295793087,0.613088430136977,0.0971271295793087,TRUE
early,MCF10A,Dasatinib 1uM,0.896213956244946,0.140436752202062,early,1.55222730569053,0.577372884086879,0.0904743472088234,0.577372884086879,0.0904743472088234,TRUE
early,MCF10A,Dasatinib 3.1623uM,0.622975584753037,0.132662515538079,early,1.55222730569053,0.401343013661197,0.0854659076359069,0.401343013661197,0.0854659076359069,TRUE
early,MCF10A,Dasatinib 10uM,0.454139421558939,0.0969289583977636,early,1.55222730569053,0.292572756511914,0.0624450800745599,0.292572756511914,0.0624450800745599,TRUE
early,MCF10A,Etoposide 0.0033uM,1.56585963331971,0.147177319638864,early,1.55222730569053,1.00878242998252,0.0948168603266453,1.00878242998252,0.0948168603266453,TRUE
early,MCF10A,Etoposide 0.01uM,1.52244420834596,0.167626681319923,early,1.55222730569053,0.980812670131894,0.107991065938215,0.980812670131894,0.107991065938215,TRUE
early,MCF10A,Etoposide 0.0317uM,1.5277657869494,0.14832212040257,early,1.55222730569053,0.984241020209183,0.0955543816674366,0.984241020209183,0.0955543816674366,TRUE
early,MCF10A,Etoposide 0.1uM,1.40325635117906,0.161333525320617,early,1.55222730569053,0.904027616338577,0.103936791170443,0.904027616338577,0.103936791170443,TRUE
early,MCF10A,Etoposide 0.3162uM,1.14487371169537,0.12505120043235,early,1.55222730569053,0.737568336478951,0.0805624279214176,0.737568336478951,0.0805624279214176,TRUE
early,MCF10A,Etoposide 1uM,0.717083542891873,0.0778008353554114,early,1.55222730569053,0.461970705104217,0.0501220633538595,0.461970705104217,0.0501220633538595,TRUE
early,MCF10A,Etoposide 3.1623uM,0.237038731721022,0.105411647603976,early,1.55222730569053,0.152708775868089,0.0679099299551891,0.152708775868089,0.0679099299551891,TRUE
early,MCF10A,Etoposide 10uM,0.160307804505438,0.107776023731007,early,1.55222730569053,0.103275985364864,0.0694331450915052,0.103275985364864,0.0694331450915052,TRUE
early,MCF10A,Neratinib 0.0004uM,1.53900360514572,0.196614300922814,early,1.55222730569053,0.991480822108762,0.126665920772053,0.991480822108762,0.126665920772053,TRUE
early,MCF10A,Neratinib 0.0013uM,1.5508874695495,0.158079226371715,early,1.55222730569053,0.99913682993714,0.101840256122406,0.99913682993714,0.101840256122406,TRUE
early,MCF10A,Neratinib 0.0033uM,1.54993779942736,0.179345727440709,early,1.55222730569053,0.99852501869103,0.115540891970667,0.99852501869103,0.115540891970667,TRUE
early,MCF10A,Neratinib 0.01uM,1.34079072022157,0.445171234363599,early,1.55222730569053,0.863785036705754,0.28679513157099,0.863785036705754,0.28679513157099,TRUE
early,MCF10A,Neratinib 0.0316uM,1.18926293391514,0.275729186707963,early,1.55222730569053,0.766165451126425,0.177634542117078,0.766165451126425,0.177634542117078,TRUE
early,MCF10A,Neratinib 0.1uM,1.01051069260492,0.180890354484639,early,1.55222730569053,0.651006904014863,0.11653599561191,0.651006904014863,0.11653599561191,TRUE
early,MCF10A,Neratinib 0.3162uM,0.878782452184559,0.162537838359022,early,1.55222730569053,0.566142889616041,0.104712652433798,0.566142889616041,0.104712652433798,TRUE
early,MCF10A,Neratinib 1uM,0.791652275645879,0.152060473769931,early,1.55222730569053,0.510010533086004,0.0979627617762366,0.510010533086004,0.0979627617762366,TRUE
early,MCF10A,Neratinib 3.1623uM,0.605362723296868,0.727148332513723,early,1.55222730569053,0.389996182310145,0.468454800304032,0.389996182310145,0.468454800304032,TRUE
early,MCF10A,Paclitaxel 0uM,1.56939967316018,0.150068516074387,early,1.55222730569053,1.01106304946878,0.0966794718300792,1.01106304946878,0.0966794718300792,TRUE
early,MCF10A,Paclitaxel 0.0001uM,1.5395281607446,0.173213459166052,early,1.55222730569053,0.99181875946946,0.111590266793429,0.99181875946946,0.111590266793429,TRUE
early,MCF10A,Paclitaxel 0.0003uM,1.59837700651841,0.173214825000533,early,1.55222730569053,1.02973127753822,0.111591146712547,1.02973127753822,0.111591146712547,TRUE
early,MCF10A,Paclitaxel 0.001uM,1.5695830048629,0.175721886468864,early,1.55222730569053,1.0111811582677,0.113206284817089,1.0111811582677,0.113206284817089,TRUE
early,MCF10A,Paclitaxel 0.0032uM,1.50720917076082,0.166076035685209,early,1.55222730569053,0.970997717431804,0.106992084906874,0.970997717431804,0.106992084906874,TRUE
early,MCF10A,Paclitaxel 0.01uM,1.14327013661586,0.1983948432543,early,1.55222730569053,0.736535256418041,0.127813009426504,0.736535256418041,0.127813009426504,TRUE
early,MCF10A,Paclitaxel 0.0316uM,0.417966240306383,0.317572324180187,early,1.55222730569053,0.269268707472225,0.204591378476563,0.269268707472225,0.204591378476563,TRUE
early,MCF10A,Paclitaxel 0.1uM,0.220036853077026,0.248169446457224,early,1.55222730569053,0.141755561360351,0.159879577911962,0.141755561360351,0.159879577911962,TRUE
early,MCF10A,Paclitaxel 0.3162uM,0.216589047597693,0.25606217720731,early,1.55222730569053,0.139534362527749,0.164964355586695,0.139534362527749,0.164964355586695,TRUE
early,MCF10A,Palbociclib 0.0011uM,1.49976424240036,0.174863432872982,early,1.55222730569053,0.96620142997238,0.112653238499236,0.96620142997238,0.112653238499236,TRUE
early,MCF10A,Palbociclib 0.0033uM,1.44896861217753,0.140636035598561,early,1.55222730569053,0.933477079591081,0.0906027326558316,0.933477079591081,0.0906027326558316,TRUE
early,MCF10A,Palbociclib 0.01uM,1.48115428376113,0.15727712327641,early,1.55222730569053,0.954212233176903,0.101323512799849,0.954212233176903,0.101323512799849,TRUE
early,MCF10A,Palbociclib 0.0317uM,1.34222737051108,0.1927402485362,early,1.55222730569053,0.864710577884063,0.124170118532,0.864710577884063,0.124170118532,TRUE
early,MCF10A,Palbociclib 0.1uM,1.32145488752265,0.213540341526951,early,1.55222730569053,0.851328206041824,0.137570277719057,0.851328206041824,0.137570277719057,TRUE
early,MCF10A,Palbociclib 0.3162uM,0.836462401108682,0.100030359218974,early,1.55222730569053,0.538878808562493,0.0644431127143932,0.538878808562493,0.0644431127143932,TRUE
early,MCF10A,Palbociclib 1uM,0.81122095908686,0.0897188409289707,early,1.55222730569053,0.522617374474016,0.0578000661372582,0.522617374474016,0.0578000661372582,TRUE
early,MCF10A,Palbociclib 3.1623uM,0.716034758370053,0.198864899895307,early,1.55222730569053,0.461295040839083,0.128115836621518,0.461295040839083,0.128115836621518,TRUE
early,MCF10A,Palbociclib 10uM,0.709737670344595,0.123044177690544,early,1.55222730569053,0.457238232920312,0.0792694325370121,0.457238232920312,0.0792694325370121,TRUE
early,MCF10A,Trametinib 0.0002uM,1.53417061528614,0.234574378521123,early,1.55222730569053,0.988367238265819,0.151121151948019,0.988367238265819,0.151121151948019,TRUE
early,MCF10A,Trametinib 0.0003uM,1.51710204309681,0.438239874583547,early,1.55222730569053,0.977371057405734,0.282329703244455,0.977371057405734,0.282329703244455,TRUE
early,MCF10A,Trametinib 0.001uM,1.51756324620129,0.417052621003856,early,1.55222730569053,0.977668180837846,0.268680121445438,0.977668180837846,0.268680121445438,TRUE
early,MCF10A,Trametinib 0.003uM,1.38748402915854,0.216442318172378,early,1.55222730569053,0.89386652590891,0.139439834216864,0.89386652590891,0.139439834216864,TRUE
early,MCF10A,Trametinib 0.01uM,1.20225031104302,0.168554803219333,early,1.55222730569053,0.774532381073004,0.108588995053369,0.774532381073004,0.108588995053369,TRUE
early,MCF10A,Trametinib 0.0316uM,1.13044160536257,0.195851327394237,early,1.55222730569053,0.728270660629615,0.126174386107136,0.728270660629615,0.126174386107136,TRUE
early,MCF10A,Trametinib 0.1uM,1.12383620670886,0.179222197326094,early,1.55222730569053,0.724015228046066,0.115461309480292,0.724015228046066,0.115461309480292,TRUE
early,MCF10A,Trametinib 0.3162uM,1.01021830494979,0.606305990122296,early,1.55222730569053,0.650818537495303,0.390603868324924,0.650818537495303,0.390603868324924,TRUE
early,MCF10A,Vorinostat 0.01uM,1.45373650371397,0.242559344154909,early,1.55222730569053,0.936548724780522,0.156265350613068,0.936548724780522,0.156265350613068,TRUE
early,MCF10A,Vorinostat 0.0317uM,1.47538661994186,0.210928587080853,early,1.55222730569053,0.950496499148693,0.135887692677213,0.950496499148693,0.135887692677213,TRUE
early,MCF10A,Vorinostat 0.1uM,1.52106384378223,0.167263952256845,early,1.55222730569053,0.97992339021865,0.107757382983567,0.97992339021865,0.107757382983567,TRUE
early,MCF10A,Vorinostat 0.3162uM,1.43913968726423,0.112675662815986,early,1.55222730569053,0.92714493681968,0.0725896667343196,0.92714493681968,0.0725896667343196,TRUE
early,MCF10A,Vorinostat 1uM,1.1555896782657,0.0949646977221704,early,1.55222730569053,0.744471943013285,0.0611796335330695,0.744471943013285,0.0611796335330695,TRUE
early,MCF10A,Vorinostat 3.1623uM,0.645945430231611,0.0758252222300984,early,1.55222730569053,0.416141004518828,0.0488493031607678,0.416141004518828,0.0488493031607678,TRUE
early,MCF10A,Vorinostat 10uM,0.324365828583536,0.124271608675315,early,1.55222730569053,0.208967995469734,0.0800601872030791,0.208967995469734,0.0800601872030791,TRUE
early,MCF10A,DMSO,1.55222730569053,0.176115751747365,early,1.55222730569053,1,0.113460026828363,1,0.113460026828363,TRUE
late,MCF10A,Alpelisib 0.0033uM,0.195243902896888,0.0918758447811147,late,0.177622403985531,1.0992076366267,0.517253695027114,1.0992076366267,0.517253695027114,TRUE
late,MCF10A,Alpelisib 0.01uM,0.192249312220891,0.0726707738819278,late,0.177622403985531,1.08234832941767,0.409130674122885,1.08234832941767,0.409130674122885,TRUE
late,MCF10A,Alpelisib 0.0317uM,0.242806419892822,0.0694056675809147,late,0.177622403985531,1.36698082249017,0.390748385471511,1.36698082249017,0.390748385471511,TRUE
late,MCF10A,Alpelisib 0.1uM,0.274425944885174,0.0697267706374489,late,0.177622403985531,1.54499623204924,0.392556170127778,1.54499623204924,0.392556170127778,TRUE
late,MCF10A,Alpelisib 0.3162uM,0.291069563935491,0.0700400325407012,late,0.177622403985531,1.63869848287382,0.394319809715033,1.63869848287382,0.394319809715033,TRUE
late,MCF10A,Alpelisib 1uM,0.308910503583905,0.0547262754140026,late,0.177622403985531,1.73914155338799,0.308104575695646,1.73914155338799,0.308104575695646,TRUE
late,MCF10A,Alpelisib 3.1623uM,0.344700938469265,0.0548932969048913,late,0.177622403985531,1.94063885374135,0.309044893398486,1.94063885374135,0.309044893398486,TRUE
late,MCF10A,Alpelisib 10uM,0.340767960763437,0.0618389925552053,late,0.177622403985531,1.91849650222725,0.348148607200715,1.91849650222725,0.348148607200715,TRUE
late,MCF10A,Dasatinib 0.0011uM,0.237850867915358,0.0804345895519631,late,0.177622403985531,1.33908145919888,0.452840338533619,1.33908145919888,0.452840338533619,TRUE
late,MCF10A,Dasatinib 0.0033uM,0.26970185841301,0.0807245256163214,late,0.177622403985531,1.51840000113375,0.454472655504073,1.51840000113375,0.454472655504073,TRUE
late,MCF10A,Dasatinib 0.01uM,0.260591477229432,0.0755577328095288,late,0.177622403985531,1.46710928003575,0.425384023153316,1.46710928003575,0.425384023153316,TRUE
late,MCF10A,Dasatinib 0.0317uM,0.365626884601294,0.0463452033435899,late,0.177622403985531,2.05845026526652,0.260919806869437,2.05845026526652,0.260919806869437,TRUE
late,MCF10A,Dasatinib 0.1uM,0.393614064149777,0.101806025180979,late,0.177622403985531,2.21601585902328,0.573159820476654,2.21601585902328,0.573159820476654,TRUE
late,MCF10A,Dasatinib 0.3162uM,0.390446815893603,0.182373589409052,late,0.177622403985531,2.19818450337723,1.02674879585521,2.19818450337723,1.02674879585521,TRUE
late,MCF10A,Dasatinib 1uM,0.294711992326748,0.142626433665114,late,0.177622403985531,1.65920506486758,0.802975471927136,1.65920506486758,0.802975471927136,TRUE
late,MCF10A,Dasatinib 3.1623uM,-0.0192046929474615,0.0700459522843107,late,0.177622403985531,-0.10812089306609,0.394353137400486,-0.10812089306609,0.394353137400486,TRUE
late,MCF10A,Dasatinib 10uM,-0.0440365969066157,0.0335202610153147,late,0.177622403985531,-0.247922536338394,0.188716402115835,-0.247922536338394,0.188716402115835,TRUE
late,MCF10A,Etoposide 0.0033uM,0.168188291563182,0.0544582990140899,late,0.177622403985531,0.946886697788884,0.306595889888564,0.946886697788884,0.306595889888564,TRUE
late,MCF10A,Etoposide 0.01uM,0.238385635189905,0.0899398569007848,late,0.177622403985531,1.34209215640006,0.506354237318572,1.34209215640006,0.506354237318572,TRUE
late,MCF10A,Etoposide 0.0317uM,0.18690026560986,0.0683420803068086,late,0.177622403985531,1.05223362265205,0.384760473754064,1.05223362265205,0.384760473754064,TRUE
late,MCF10A,Etoposide 0.1uM,0.320306421944498,0.0938937915950515,late,0.177622403985531,1.80329966691921,0.528614575009918,1.80329966691921,0.528614575009918,TRUE
late,MCF10A,Etoposide 0.3162uM,0.209132998249788,0.151599229560625,late,0.177622403985531,1.17740213822815,0.853491598801773,1.17740213822815,0.853491598801773,TRUE
late,MCF10A,Etoposide 1uM,0.0507524301220325,0.0683246303082299,late,0.177622403985531,0.28573214292363,0.384662231650663,0.28573214292363,0.384662231650663,TRUE
late,MCF10A,Etoposide 3.1623uM,0.101973594950019,0.0867771935820215,late,0.177622403985531,0.574103224941859,0.488548694505285,0.574103224941859,0.488548694505285,TRUE
late,MCF10A,Etoposide 10uM,0.0316293954618506,0.085455871608733,late,0.177622403985531,0.178070979516904,0.481109756940876,0.178070979516904,0.481109756940876,TRUE
late,MCF10A,Neratinib 0.0004uM,0.215851894510087,0.0739356891049427,late,0.177622403985531,1.21522898951233,0.416252046171864,1.21522898951233,0.416252046171864,TRUE
late,MCF10A,Neratinib 0.0013uM,0.226801938278174,0.0737175071363461,late,0.177622403985531,1.27687686456855,0.415023699050662,1.27687686456855,0.415023699050662,TRUE
late,MCF10A,Neratinib 0.0033uM,0.184598568135408,0.0671354967276955,late,0.177622403985531,1.03927524903021,0.377967504218467,1.03927524903021,0.377967504218467,TRUE
late,MCF10A,Neratinib 0.01uM,0.390100844719427,0.0697917994247559,late,0.177622403985531,2.19623671319754,0.3929222770256,2.19623671319754,0.3929222770256,TRUE
late,MCF10A,Neratinib 0.0316uM,0.296122049650358,0.183852823572934,late,0.177622403985531,1.66714357539311,1.03507676648668,1.66714357539311,1.03507676648668,TRUE
late,MCF10A,Neratinib 0.1uM,0.404054129302738,0.0877659457633031,late,0.177622403985531,2.27479259505829,0.49411529060519,2.27479259505829,0.49411529060519,TRUE
late,MCF10A,Neratinib 0.3162uM,0.195242647569602,0.133886379499338,late,0.177622403985531,1.09920056923397,0.753769662470306,1.09920056923397,0.753769662470306,TRUE
late,MCF10A,Neratinib 1uM,-0.0471065245464933,0.0227725819625654,late,0.177622403985531,-0.265205984659067,0.12820782430363,-0.265205984659067,0.12820782430363,TRUE
late,MCF10A,Neratinib 3.1623uM,-0.189781952888204,0.09280167132325,late,0.177622403985531,-1.06845729271665,0.522466024785981,-1.06845729271665,0.522466024785981,TRUE
late,MCF10A,Paclitaxel 0uM,0.177825186206406,0.0692018144476823,late,0.177622403985531,1.00114164776698,0.389600708553182,1.00114164776698,0.389600708553182,TRUE
late,MCF10A,Paclitaxel 0.0001uM,0.196446274343414,0.17832818399915,late,0.177622403985531,1.10597689219101,1.00397348531369,1.10597689219101,1.00397348531369,TRUE
late,MCF10A,Paclitaxel 0.0003uM,0.20805030269933,0.100486242368079,late,0.177622403985531,1.1713066484354,0.565729548262755,1.1713066484354,0.565729548262755,TRUE
late,MCF10A,Paclitaxel 0.001uM,0.245914293004743,0.0843464758292939,late,0.177622403985531,1.3844779007989,0.474863946983652,1.3844779007989,0.474863946983652,TRUE
late,MCF10A,Paclitaxel 0.0032uM,0.24000765296861,0.127841503453195,late,0.177622403985531,1.35122398742087,0.719737491356152,1.35122398742087,0.719737491356152,TRUE
late,MCF10A,Paclitaxel 0.01uM,-0.24585929047037,0.170519887829152,late,0.177622403985531,-1.38416824090725,0.960013399227739,-1.38416824090725,0.960013399227739,TRUE
late,MCF10A,Paclitaxel 0.0316uM,-0.2508753908274,0.0852093812770203,late,0.177622403985531,-1.41240848675732,0.479722035987991,-1.41240848675732,0.479722035987991,TRUE
late,MCF10A,Paclitaxel 0.1uM,-0.300167026225443,0.072721235182942,late,0.177622403985531,-1.68991647162874,0.409414767232099,-1.68991647162874,0.409414767232099,TRUE
late,MCF10A,Paclitaxel 0.3162uM,-0.280021284068988,0.110563551064086,late,0.177622403985531,-1.57649754640072,0.622463994311731,-1.57649754640072,0.622463994311731,TRUE
late,MCF10A,Palbociclib 0.0011uM,0.223340935832148,0.0831624150171198,late,0.177622403985531,1.25739169620934,0.468197778833656,1.25739169620934,0.468197778833656,TRUE
late,MCF10A,Palbociclib 0.0033uM,-0.100878175689297,1.0768114546121,late,0.177622403985531,-0.56793610167282,6.06236280137171,-0.56793610167282,6.06236280137171,TRUE
late,MCF10A,Palbociclib 0.01uM,0.246152924390164,0.100550863741398,late,0.177622403985531,1.38582137650955,0.566093361452246,1.38582137650955,0.566093361452246,TRUE
late,MCF10A,Palbociclib 0.0317uM,0.277666069705382,0.0998177092098525,late,0.177622403985531,1.5632378769516,0.561965759780977,1.5632378769516,0.561965759780977,TRUE
late,MCF10A,Palbociclib 0.1uM,0.263399555480189,0.107224298026502,late,0.177622403985531,1.48291853713254,0.603664265433748,1.48291853713254,0.603664265433748,TRUE
late,MCF10A,Palbociclib 0.3162uM,0.137017690736514,0.171413950520056,late,0.177622403985531,0.771398695559121,0.965046901031803,0.771398695559121,0.965046901031803,TRUE
late,MCF10A,Palbociclib 1uM,0.206728671357758,0.083934025906351,late,0.177622403985531,1.16386596915217,0.472541886738501,1.16386596915217,0.472541886738501,TRUE
late,MCF10A,Palbociclib 3.1623uM,0.193791589859582,0.110400055725527,late,0.177622403985531,1.09103122979559,0.621543528565911,1.09103122979559,0.621543528565911,TRUE
late,MCF10A,Palbociclib 10uM,0.0766250148955388,0.122501250997358,late,0.177622403985531,0.431392736367765,0.689672294984461,0.431392736367765,0.689672294984461,TRUE
late,MCF10A,Trametinib 0.0002uM,0.198177997862308,0.175269042848013,late,0.177622403985531,1.11572635779916,0.986750764066285,1.11572635779916,0.986750764066285,TRUE
late,MCF10A,Trametinib 0.0003uM,0.30291822513634,0.0731556700166919,late,0.177622403985531,1.70540550256833,0.411860600775627,1.70540550256833,0.411860600775627,TRUE
late,MCF10A,Trametinib 0.001uM,0.351329019877687,0.150819245731181,late,0.177622403985531,1.97795442463613,0.849100351909811,1.97795442463613,0.849100351909811,TRUE
late,MCF10A,Trametinib 0.003uM,0.381289840881975,0.0912579294271939,late,0.177622403985531,2.14663146273504,0.513774880755627,2.14663146273504,0.513774880755627,TRUE
late,MCF10A,Trametinib 0.01uM,0.277056918452615,0.0577772714320071,late,0.177622403985531,1.55980840387221,0.325281440491671,1.55980840387221,0.325281440491671,TRUE
late,MCF10A,Trametinib 0.0316uM,0.0257399626103473,0.0443529281251827,late,0.177622403985531,0.14491394121906,0.249703455926628,0.14491394121906,0.249703455926628,TRUE
late,MCF10A,Trametinib 0.1uM,-0.0500935587298542,0.0434314699137547,late,0.177622403985531,-0.282022749415861,0.244515719522029,-0.282022749415861,0.244515719522029,TRUE
late,MCF10A,Trametinib 0.3162uM,-0.0480296144346026,0.0309223574860226,late,0.177622403985531,-0.270402907273539,0.174090411976079,-0.270402907273539,0.174090411976079,TRUE
late,MCF10A,Vorinostat 0.01uM,0.209922973777782,0.124613886198682,late,0.177622403985531,1.18184963758785,0.701566263053353,1.18184963758785,0.701566263053353,TRUE
late,MCF10A,Vorinostat 0.0317uM,-0.0943269124375067,1.0736921851654,late,0.177622403985531,-0.531053010887019,6.04480156260503,-0.531053010887019,6.04480156260503,TRUE
late,MCF10A,Vorinostat 0.1uM,0.279649989181147,0.107000380266956,late,0.177622403985531,1.57440718572826,0.602403626265932,1.57440718572826,0.602403626265932,TRUE
late,MCF10A,Vorinostat 0.3162uM,0.319712762240099,0.104130118887365,late,0.177622403985531,1.79995741002437,0.586244283102078,1.79995741002437,0.586244283102078,TRUE
late,MCF10A,Vorinostat 1uM,0.190682447282129,0.645292525524557,late,0.177622403985531,1.07352700449692,3.63294556905739,1.07352700449692,3.63294556905739,TRUE
late,MCF10A,Vorinostat 3.1623uM,0.0714955263687007,0.307634516136396,late,0.177622403985531,0.402514124144636,1.73195784559619,0.402514124144636,1.73195784559619,TRUE
late,MCF10A,Vorinostat 10uM,-0.0323562861500255,0.0337902273121149,late,0.177622403985531,-0.182163316248446,0.190236290884045,-0.182163316248446,0.190236290884045,TRUE
late,MCF10A,DMSO,0.177622403985531,0.0867454959520168,late,0.177622403985531,1,0.488370239370722,1,0.488370239370722,TRUE
mid,MCF10A,Alpelisib 0.0033uM,0.585932569828839,0.274324466287616,mid,0.588795363760109,0.99513787963107,0.465907993119632,0.99513787963107,0.465907993119632,TRUE
mid,MCF10A,Alpelisib 0.01uM,0.576089170866257,0.283966987798394,mid,0.588795363760109,0.978420018777476,0.482284687136377,0.978420018777476,0.482284687136377,TRUE
mid,MCF10A,Alpelisib 0.0317uM,0.599005441972509,0.259685053492424,mid,0.588795363760109,1.01734062263534,0.44104466420056,1.01734062263534,0.44104466420056,TRUE
mid,MCF10A,Alpelisib 0.1uM,0.584953891699039,0.254155978475893,mid,0.588795363760109,0.993475709393264,0.43165417752753,0.993475709393264,0.43165417752753,TRUE
mid,MCF10A,Alpelisib 0.3162uM,0.558598605067139,0.232610212914269,mid,0.588795363760109,0.948714340241861,0.395061216903604,0.948714340241861,0.395061216903604,TRUE
mid,MCF10A,Alpelisib 1uM,0.533171056306185,0.223164048605433,mid,0.588795363760109,0.905528625261752,0.379018012608461,0.905528625261752,0.379018012608461,TRUE
mid,MCF10A,Alpelisib 3.1623uM,0.51350946604461,0.225569080919065,mid,0.588795363760109,0.872135715820323,0.383102678456158,0.872135715820323,0.383102678456158,TRUE
mid,MCF10A,Alpelisib 10uM,0.465205503628364,0.256233457154969,mid,0.588795363760109,0.79009709019703,0.435182531870895,0.79009709019703,0.435182531870895,TRUE
mid,MCF10A,Dasatinib 0.0011uM,0.561463220190678,0.27127182822045,mid,0.588795363760109,0.95357955369267,0.460723444709346,0.95357955369267,0.460723444709346,TRUE
mid,MCF10A,Dasatinib 0.0033uM,0.53968499849181,0.32769443001098,mid,0.588795363760109,0.91659179353133,0.55655062892868,0.91659179353133,0.55655062892868,TRUE
mid,MCF10A,Dasatinib 0.01uM,0.556276279526965,0.243873363263755,mid,0.588795363760109,0.944770142167096,0.414190359289438,0.944770142167096,0.414190359289438,TRUE
mid,MCF10A,Dasatinib 0.0317uM,0.52055945532987,0.271764923534067,mid,0.588795363760109,0.884109297338081,0.461560909376982,0.884109297338081,0.461560909376982,TRUE
mid,MCF10A,Dasatinib 0.1uM,0.54339686364487,0.239072172120341,mid,0.588795363760109,0.922895961976808,0.406036098167624,0.922895961976808,0.406036098167624,TRUE
mid,MCF10A,Dasatinib 0.3162uM,0.433698757167416,0.2442148065333,mid,0.588795363760109,0.736586569564288,0.414770260712854,0.736586569564288,0.414770260712854,TRUE
mid,MCF10A,Dasatinib 1uM,0.28268312903992,0.270228713782132,mid,0.588795363760109,0.480104203325713,0.458951836944542,0.480104203325713,0.458951836944542,TRUE
mid,MCF10A,Dasatinib 3.1623uM,-0.024321363816863,0.0967430435016128,mid,0.588795363760109,-0.0413069893443865,0.164306734488875,-0.0413069893443865,0.164306734488875,TRUE
mid,MCF10A,Dasatinib 10uM,-0.0457015503170016,0.0453603827107204,mid,0.588795363760109,-0.077618733315335,0.0770393000737034,-0.077618733315335,0.0770393000737034,TRUE
mid,MCF10A,Etoposide 0.0033uM,0.601416014482826,0.285574332814394,mid,0.588795363760109,1.02143469785856,0.485014574487623,1.02143469785856,0.485014574487623,TRUE
mid,MCF10A,Etoposide 0.01uM,0.588400228552915,0.2711603026596,mid,0.588795363760109,0.999328909105754,0.460534031599606,0.999328909105754,0.460534031599606,TRUE
mid,MCF10A,Etoposide 0.0317uM,0.59544426747027,0.288367677490908,mid,0.588795363760109,1.01129238462019,0.489758743427193,1.01129238462019,0.489758743427193,TRUE
mid,MCF10A,Etoposide 0.1uM,0.596416705400684,0.243118979360484,mid,0.588795363760109,1.01294395660982,0.412909126539143,1.01294395660982,0.412909126539143,TRUE
mid,MCF10A,Etoposide 0.3162uM,0.44726874460686,0.225814616021089,mid,0.588795363760109,0.7596336047053,0.383519691084205,0.7596336047053,0.383519691084205,TRUE
mid,MCF10A,Etoposide 1uM,0.129510249567768,0.122155178512992,mid,0.588795363760109,0.219957998209603,0.20746627101969,0.219957998209603,0.20746627101969,TRUE
mid,MCF10A,Etoposide 3.1623uM,0.0855911460401587,0.0922269455565576,mid,0.588795363760109,0.145366542109919,0.156636670790997,0.145366542109919,0.156636670790997,TRUE
mid,MCF10A,Etoposide 10uM,0.00389931621331679,0.0701913246746061,mid,0.588795363760109,0.00662253212799664,0.119211748248758,0.00662253212799664,0.119211748248758,TRUE
mid,MCF10A,Neratinib 0.0004uM,0.570021280935837,0.270633658372635,mid,0.588795363760109,0.96811441804776,0.459639587928037,0.96811441804776,0.459639587928037,TRUE
mid,MCF10A,Neratinib 0.0013uM,0.589463860547533,0.261379783927802,mid,0.588795363760109,1.00113536353811,0.443922965457139,1.00113536353811,0.443922965457139,TRUE
mid,MCF10A,Neratinib 0.0033uM,0.604735201108919,0.288680568582718,mid,0.588795363760109,1.02707194779357,0.49029015231909,1.02707194779357,0.49029015231909,TRUE
mid,MCF10A,Neratinib 0.01uM,0.705528060763569,0.280773592706937,mid,0.588795363760109,1.19825682094029,0.476861079397581,1.19825682094029,0.476861079397581,TRUE
mid,MCF10A,Neratinib 0.0316uM,0.600401449142625,0.279253202909703,mid,0.588795363760109,1.0197115773949,0.474278875306292,1.0197115773949,0.474278875306292,TRUE
mid,MCF10A,Neratinib 0.1uM,0.513691344913414,0.307756479922191,mid,0.588795363760109,0.872444615787949,0.522688354671861,0.872444615787949,0.522688354671861,TRUE
mid,MCF10A,Neratinib 0.3162uM,0.0690821497137771,0.0820759000168317,mid,0.588795363760109,0.117327944419622,0.139396308239736,0.117327944419622,0.139396308239736,TRUE
mid,MCF10A,Neratinib 1uM,-0.0190670274649572,0.0287930119402533,mid,0.588795363760109,-0.0323831141318661,0.0489015602235353,-0.0323831141318661,0.0489015602235353,TRUE
mid,MCF10A,Neratinib 3.1623uM,0.000830760269584073,0.364471065840168,mid,0.588795363760109,0.0014109490677351,0.619011439751526,0.0014109490677351,0.619011439751526,TRUE
mid,MCF10A,Paclitaxel 0uM,0.595842395715805,0.282836009085356,mid,0.588795363760109,1.01196855883968,0.480363852186498,1.01196855883968,0.480363852186498,TRUE
mid,MCF10A,Paclitaxel 0.0001uM,0.569915412912626,0.248834454242362,mid,0.588795363760109,0.967934613603419,0.422616191563193,0.967934613603419,0.422616191563193,TRUE
mid,MCF10A,Paclitaxel 0.0003uM,0.596597426501669,0.258176275338847,mid,0.588795363760109,1.01325089024434,0.438482181126744,1.01325089024434,0.438482181126744,TRUE
mid,MCF10A,Paclitaxel 0.001uM,0.563630562818327,0.252189411976505,mid,0.588795363760109,0.957260531433066,0.428314194537806,0.957260531433066,0.428314194537806,TRUE
mid,MCF10A,Paclitaxel 0.0032uM,0.3110091692525,0.158811482837917,mid,0.588795363760109,0.528212666734267,0.269722712868747,0.528212666734267,0.269722712868747,TRUE
mid,MCF10A,Paclitaxel 0.01uM,-0.254330376682096,0.0653766936487584,mid,0.588795363760109,-0.431950372465428,0.111034661059924,-0.431950372465428,0.111034661059924,TRUE
mid,MCF10A,Paclitaxel 0.0316uM,-0.268612563547129,0.0572297149842855,mid,0.588795363760109,-0.456206994959575,0.09719797149694,-0.456206994959575,0.09719797149694,TRUE
mid,MCF10A,Paclitaxel 0.1uM,-0.255941568636787,0.0616234113928132,mid,0.588795363760109,-0.43468679339171,0.10466015051355,-0.43468679339171,0.10466015051355,TRUE
mid,MCF10A,Paclitaxel 0.3162uM,-0.263048810449475,0.0501893957836985,mid,0.588795363760109,-0.446757611625231,0.0852408134860026,-0.446757611625231,0.0852408134860026,TRUE
mid,MCF10A,Palbociclib 0.0011uM,0.626552024450691,0.297051870464245,mid,0.588795363760109,1.06412526832661,0.504507828606599,1.06412526832661,0.504507828606599,TRUE
mid,MCF10A,Palbociclib 0.0033uM,0.559801008394513,0.31494287518514,mid,0.588795363760109,0.95075648153811,0.534893605774817,0.95075648153811,0.534893605774817,TRUE
mid,MCF10A,Palbociclib 0.01uM,0.632851525049579,0.294928242180265,mid,0.588795363760109,1.074824232664,0.500901094561653,1.074824232664,0.500901094561653,TRUE
mid,MCF10A,Palbociclib 0.0317uM,0.605830892477854,0.288229518777414,mid,0.588795363760109,1.02893285132029,0.489524097025408,1.02893285132029,0.489524097025408,TRUE
mid,MCF10A,Palbociclib 0.1uM,0.60215567641348,0.285125906727349,mid,0.588795363760109,1.02269092706174,0.484252975272266,1.02269092706174,0.484252975272266,TRUE
mid,MCF10A,Palbociclib 0.3162uM,0.425855197847374,0.264166961792798,mid,0.588795363760109,0.723265202239056,0.448656660789243,0.723265202239056,0.448656660789243,TRUE
mid,MCF10A,Palbociclib 1uM,0.438676327624761,0.232199286809189,mid,0.588795363760109,0.745040390303564,0.394363307017806,0.745040390303564,0.394363307017806,TRUE
mid,MCF10A,Palbociclib 3.1623uM,0.271452726047071,0.184331099164405,mid,0.588795363760109,0.461030678491667,0.313064793831336,0.461030678491667,0.313064793831336,TRUE
mid,MCF10A,Palbociclib 10uM,0.093086194661445,0.109527936823909,mid,0.588795363760109,0.158096004810545,0.18602037917631,0.158096004810545,0.18602037917631,TRUE
mid,MCF10A,Trametinib 0.0002uM,0.504321232080904,0.241919529559277,mid,0.588795363760109,0.856530576022636,0.410872001461346,0.856530576022636,0.410872001461346,TRUE
mid,MCF10A,Trametinib 0.0003uM,0.666075881803236,0.6223414509226,mid,0.588795363760109,1.13125191331264,1.05697410208576,1.13125191331264,1.05697410208576,TRUE
mid,MCF10A,Trametinib 0.001uM,0.515633771617234,0.142830165931472,mid,0.588795363760109,0.875743600160746,0.242580316902199,0.875743600160746,0.242580316902199,TRUE
mid,MCF10A,Trametinib 0.003uM,0.494443724486,0.129999620078548,mid,0.588795363760109,0.839754785649857,0.22078913673565,0.839754785649857,0.22078913673565,TRUE
mid,MCF10A,Trametinib 0.01uM,0.319648500435376,0.159253664113389,mid,0.588795363760109,0.542885559414169,0.270473706002673,0.542885559414169,0.270473706002673,TRUE
mid,MCF10A,Trametinib 0.0316uM,0.0136467529681422,0.0695373488900329,mid,0.588795363760109,0.0231774124052075,0.118101046934134,0.0231774124052075,0.118101046934134,TRUE
mid,MCF10A,Trametinib 0.1uM,-0.03806146377706,0.0316170565249715,mid,0.588795363760109,-0.0646429406882478,0.0536978693634095,-0.0646429406882478,0.0536978693634095,TRUE
mid,MCF10A,Trametinib 0.3162uM,0.0597870452685115,0.474949486249719,mid,0.588795363760109,0.10154129761944,0.806646104032888,0.10154129761944,0.806646104032888,TRUE
mid,MCF10A,Vorinostat 0.01uM,0.566610189845345,0.268272025199175,mid,0.588795363760109,0.962321079138451,0.45562863043955,0.962321079138451,0.45562863043955,TRUE
mid,MCF10A,Vorinostat 0.0317uM,0.549412360646746,0.293523925467291,mid,0.588795363760109,0.933112579450593,0.498516027016273,0.933112579450593,0.498516027016273,TRUE
mid,MCF10A,Vorinostat 0.1uM,0.676363788653005,0.302837158320583,mid,0.588795363760109,1.1487247187778,0.514333462795347,1.1487247187778,0.514333462795347,TRUE
mid,MCF10A,Vorinostat 0.3162uM,0.720938317282646,0.319150370216567,mid,0.588795363760109,1.22442933768815,0.542039543549459,1.22442933768815,0.542039543549459,TRUE
mid,MCF10A,Vorinostat 1uM,0.515572271697873,0.254614641176826,mid,0.588795363760109,0.875639149746993,0.43243316243326,0.875639149746993,0.43243316243326,TRUE
mid,MCF10A,Vorinostat 3.1623uM,0.00734607458690332,0.062337051090838,mid,0.588795363760109,0.012476447742371,0.105872184000817,0.012476447742371,0.105872184000817,TRUE
mid,MCF10A,Vorinostat 10uM,-0.0531570670834748,0.0317615064731912,mid,0.588795363760109,-0.0902810557882254,0.0539432006909138,-0.0902810557882254,0.0539432006909138,TRUE
mid,MCF10A,DMSO,0.588795363760109,0.281793922654198,mid,0.588795363760109,1,0.478593990371515,1,0.478593990371515,TRUE
